condition_id,category,requirement,evidence_class,evidence_status,blocking,owner_role,timing,verification_method,source_id
CP-01,collateral,Verify beneficial ownership of the proposed collateral lot.,assumed,outstanding,True,Credit / borrower,before_funding,Ownership documents and independently corroborated custody records,ASM-C007
CP-02,legal,Confirm no prior lien and first-priority perfected security.,assumed,outstanding,True,Legal,before_funding,"Lien search, executed security documents, and legal confirmation",ASM-C007
CP-03,control,Establish enforceable lender control over the collateral and custody account.,assumed,outstanding,True,Legal / operations,before_funding,Executed control agreement and operating-procedure test,ASM-C007
CP-04,operations,Test the Base-to-liquidation-to-bank repayment route end to end.,assumed,outstanding,True,Operations / treasury,before_funding,"Read-only route test with timestamps, fees, and destination confirmation",ASM-C007
DD-01,repayment,Obtain and reconcile a current 13-week borrowing-entity cash forecast.,assumed,outstanding,True,Credit / borrower,before_funding,Forecast-to-bank and forecast-to-historical reconciliation,ASM-C001
DD-02,purpose,Document facility purpose and a controlled use-of-proceeds schedule.,assumed,outstanding,True,Credit / borrower,before_funding,Approved sources-and-uses schedule tied to facility documents,ASM-C001
DD-03,entity,Map legal-entity cash ownership and transfer restrictions.,assumed,outstanding,True,Credit / legal,before_funding,"Entity chart, account map, and restriction review",ASM-C001
DD-04,repayment,Reconcile the complete debt-service and maturity schedule.,assumed,outstanding,True,Credit / borrower,before_funding,"Debt schedule tied to agreements, filings, and forecast cash flows",ASM-C001
PF-01,portfolio,Confirm current single-name and shared-risk concentration capacity.,assumed,outstanding,True,Portfolio risk,before_funding,Current portfolio report and limit-owner sign-off,ASM-C005
