condition_id,wave,parallel_lane,priority,current_action,evidence_status,owner_role,requirement,verification_method,depends_on,decision_impact,failure_consequence,affected_lineage_nodes,completion_output
CP-01,1,collateral_control,critical,ready_to_start,outstanding,Credit / borrower,Verify beneficial ownership of the proposed collateral lot.,Ownership documents and independently corroborated custody records,,hard_blocker_zero_collateral_credit,Decline and assign zero collateral credit.,LIN-04|LIN-05|LIN-08|LIN-09|LIN-11,Verified ownership package with independent custody corroboration.
CP-02,1,collateral_control,critical,ready_to_start,outstanding,Legal,Confirm no prior lien and first-priority perfected security.,"Lien search, executed security documents, and legal confirmation",,hard_blocker_zero_collateral_credit,Decline and assign zero collateral credit.,LIN-04|LIN-05|LIN-08|LIN-09|LIN-11,"Clear lien search, executed security documents, and legal confirmation."
CP-03,2,collateral_control,critical,waiting_on:CP-01|CP-02,outstanding,Legal / operations,Establish enforceable lender control over the collateral and custody account.,Executed control agreement and operating-procedure test,CP-01|CP-02,hard_blocker_zero_collateral_credit,Decline and assign zero collateral credit.,LIN-04|LIN-05|LIN-08|LIN-09|LIN-11,Executed control agreement and successful control-procedure test.
CP-04,1,route_operations,critical,ready_to_start,outstanding,Operations / treasury,Test the Base-to-liquidation-to-bank repayment route end to end.,"Read-only route test with timestamps, fees, and destination confirmation",,hard_blocker_zero_collateral_credit,Decline if no approved collateral-to-bank repayment route exists.,LIN-04|LIN-05|LIN-08|LIN-09|LIN-11,Timestamped end-to-end route test with reconciled fees and destination proceeds.
DD-01,1,borrower_diligence,high,ready_to_start,outstanding,Credit / borrower,Obtain and reconcile a current 13-week borrowing-entity cash forecast.,Forecast-to-bank and forecast-to-historical reconciliation,,repayment_capacity_and_obligor_cap,Keep funding blocked and do not finalize the obligor cap.,LIN-02|LIN-03|LIN-08|LIN-09|LIN-10,Reconciled 13-week borrowing-entity cash forecast.
DD-02,1,borrower_diligence,high,ready_to_start,outstanding,Credit / borrower,Document facility purpose and a controlled use-of-proceeds schedule.,Approved sources-and-uses schedule tied to facility documents,,purpose_and_structure,Keep funding blocked until permitted use and controls are documented.,LIN-01|LIN-03|LIN-08|LIN-09,Approved sources-and-uses schedule tied to facility documents.
DD-03,1,borrower_diligence,high,ready_to_start,outstanding,Credit / legal,Map legal-entity cash ownership and transfer restrictions.,"Entity chart, account map, and restriction review",,cash_availability_and_entity_risk,Keep funding blocked and do not rely on consolidated cash for repayment.,LIN-02|LIN-03|LIN-08|LIN-09|LIN-10,"Legal-entity chart, account map, and transfer-restriction analysis."
DD-04,1,borrower_diligence,high,ready_to_start,outstanding,Credit / borrower,Reconcile the complete debt-service and maturity schedule.,"Debt schedule tied to agreements, filings, and forecast cash flows",,maturity_and_refinancing_capacity,Keep funding blocked and do not finalize repayment capacity.,LIN-02|LIN-03|LIN-08|LIN-09|LIN-10,Complete debt-service and maturity schedule reconciled to agreements and forecast cash flows.
PF-01,1,portfolio,high,ready_to_start,outstanding,Portfolio risk,Confirm current single-name and shared-risk concentration capacity.,Current portfolio report and limit-owner sign-off,,single_name_and_concentration_capacity,Keep funding blocked and do not allocate portfolio capacity.,LIN-06|LIN-07|LIN-08|LIN-09|LIN-11,Current portfolio exposure report with limit-owner sign-off.
